Date;BOF (%nFK)
1961-01-01;99.1
1961-01-08;99.88571
1961-01-15;99.85714
1961-01-22;98.25714
1961-01-29;98.8
1961-02-05;99.74286
1961-02-12;99.442856
1961-02-19;96.27143
1961-02-26;90.58572
1961-03-05;96.542854
1961-03-12;86.84286
1961-03-19;81.21429
1961-03-26;94.82857
1961-04-02;99.78571
1961-04-09;98.67143
1961-04-16;93.75714
1961-04-23;86.942856
1961-04-30;69.3
1961-05-07;80.314285
1961-05-14;98.38571
1961-05-21;90.442856
1961-05-28;75.35714
1961-06-04;92.48572
1961-06-11;79.557144
1961-06-18;87.042854
1961-06-25;64.957146
1961-07-02;56.62857
1961-07-09;54.6
1961-07-16;66.057144
1961-07-23;74.11429
1961-07-30;72.78571
1961-08-06;72.5
1961-08-13;75.35715
1961-08-20;82.557144
1961-08-27;81.88571
1961-09-03;67.7
1961-09-10;63.75714
1961-09-17;62.885715
1961-09-24;52.9
1961-10-01;46.257145
1961-10-08;42.842857
1961-10-15;40.3
1961-10-22;41.9
1961-10-29;65.17143
1961-11-05;70.057144
1961-11-12;93.6
1961-11-19;99.07143
1961-11-26;97.74286
1961-12-03;99.9
1961-12-10;98.51428
1961-12-17;99.21429
1961-12-24;97.82857
1961-12-31;97.35714
1962-01-07;96.22857
1962-01-14;95.97143
1962-01-21;96.21429
1962-01-28;99.17143
1962-02-04;97.5
1962-02-11;97.02857
1962-02-18;99.78571
1962-02-25;95.91428
1962-03-04;95.22857
1962-03-11;95.77143
1962-03-18;89.64285
1962-03-25;78.542854
1962-04-01;77.07143
1962-04-08;79.47143
1962-04-15;75.557144
1962-04-22;81.7
1962-04-29;61.942856
1962-05-06;59.014286
1962-05-13;58.614285
1962-05-20;54.914288
1962-05-27;51.185715
1962-06-03;66.88571
1962-06-10;48.114285
1962-06-17;46.314285
1962-06-24;52.714287
1962-07-01;50.82857
1962-07-08;65.314285
1962-07-15;69.828575
1962-07-22;79.957146
1962-07-29;73.52857
1962-08-05;65.41428
1962-08-12;62.528572
1962-08-19;59.714287
1962-08-26;64.542854
1962-09-02;63.014286
1962-09-09;59.9
1962-09-16;57.17143
1962-09-23;59.285713
1962-09-30;53.6
1962-10-07;47.12857
1962-10-14;41.842857
1962-10-21;39.485714
1962-10-28;38.74286
1962-11-04;41.82857
1962-11-11;39.471428
1962-11-18;38.585716
1962-11-25;44.914288
1962-12-02;53.742855
1962-12-09;53.442856
1962-12-16;68.11429
1962-12-23;99.87143
1962-12-30;99.34286
1963-01-06;99.72857
1963-01-13;99.442856
1963-01-20;99.57143
1963-01-27;98.542854
1963-02-03;99.88571
1963-02-10;97.7
1963-02-17;97.67143
1963-02-24;98.35715
1963-03-03;92.7
1963-03-10;85.71429
1963-03-17;88.77143
1963-03-24;88.21429
1963-03-31;80.78571
1963-04-07;73.78571
1963-04-14;74.0
1963-04-21;75.3
1963-04-28;70.1
1963-05-05;76.92857
1963-05-12;61.928574
1963-05-19;52.67143
1963-05-26;42.185715
1963-06-02;33.114285
1963-06-09;27.471428
1963-06-16;36.32857
1963-06-23;44.685715
1963-06-30;46.3
1963-07-07;47.585716
1963-07-14;48.771427
1963-07-21;48.157143
1963-07-28;42.885715
1963-08-04;40.67143
1963-08-11;48.82857
1963-08-18;58.9
1963-08-25;79.942856
1963-09-01;78.042854
1963-09-08;67.75714
1963-09-15;58.157143
1963-09-22;53.0
1963-09-29;64.185715
1963-10-06;71.957146
1963-10-13;73.185715
1963-10-20;68.71429
1963-10-27;64.185715
1963-11-03;61.442856
1963-11-10;70.77143
1963-11-17;99.62857
1963-11-24;99.72857
1963-12-01;96.557144
1963-12-08;92.5
1963-12-15;93.74286
1963-12-22;98.47143
1963-12-29;96.27143
1964-01-05;92.85714
1964-01-12;96.21429
1964-01-19;98.14286
1964-01-26;95.15714
1964-02-02;98.15714
1964-02-09;99.12857
1964-02-16;97.98572
1964-02-23;97.67143
1964-03-01;88.957146
1964-03-08;83.02857
1964-03-15;73.4
1964-03-22;73.942856
1964-03-29;86.799995
1964-04-05;99.35714
1964-04-12;94.85715
1964-04-19;84.98572
1964-04-26;79.97143
1964-05-03;83.51429
1964-05-10;74.87143
1964-05-17;68.12857
1964-05-24;73.41428
1964-05-31;58.528572
1964-06-07;70.457146
1964-06-14;58.74286
1964-06-21;41.657143
1964-06-28;42.25714
1964-07-05;50.357143
1964-07-12;58.72857
1964-07-19;63.25714
1964-07-26;57.885715
1964-08-02;52.085712
1964-08-09;49.17143
1964-08-16;77.15714
1964-08-23;77.24286
1964-08-30;66.185715
1964-09-06;56.67143
1964-09-13;50.92857
1964-09-20;51.27143
1964-09-27;52.142857
1964-10-04;45.085712
1964-10-11;43.771427
1964-10-18;51.25714
1964-10-25;59.971428
1964-11-01;56.442856
1964-11-08;56.514286
1964-11-15;62.857143
1964-11-22;88.01429
1964-11-29;89.0
1964-12-06;92.48572
1964-12-13;95.87143
1964-12-20;96.2
1964-12-27;96.72857
1965-01-03;99.45
1965-01-10;99.72857
1965-01-17;98.91428
1965-01-24;98.98572
1965-01-31;99.87143
1965-02-07;99.942856
1965-02-14;99.62857
1965-02-21;97.77143
1965-02-28;95.042854
1965-03-07;98.2
1965-03-14;88.21429
1965-03-21;83.97143
1965-03-28;90.4
1965-04-04;82.8
1965-04-11;74.5
1965-04-18;79.671425
1965-04-25;93.01428
1965-05-02;92.542854
1965-05-09;87.14286
1965-05-16;90.34286
1965-05-23;80.942856
1965-05-30;68.21429
1965-06-06;55.7
1965-06-13;80.14285
1965-06-20;79.77143
1965-06-27;68.42857
1965-07-04;58.9
1965-07-11;57.485714
1965-07-18;68.542854
1965-07-25;79.47143
1965-08-01;85.828575
1965-08-08;78.34286
1965-08-15;70.957146
1965-08-22;59.342857
1965-08-29;58.471428
1965-09-05;57.971428
1965-09-12;60.5
1965-09-19;54.271427
1965-09-26;48.714287
1965-10-03;91.48571
1965-10-10;84.7
1965-10-17;77.84286
1965-10-24;74.1
1965-10-31;69.185715
1965-11-07;72.58572
1965-11-14;83.07143
1965-11-21;88.64286
1965-11-28;99.38571
1965-12-05;99.84286
1965-12-12;99.442856
1965-12-19;99.82857
1965-12-26;99.97143
1966-01-02;99.77143
1966-01-09;99.27143
1966-01-16;99.85714
1966-01-23;99.27143
1966-01-30;99.171425
1966-02-06;99.01428
1966-02-13;99.91428
1966-02-20;98.48571
1966-02-27;93.35714
1966-03-06;95.34286
1966-03-13;91.25714
1966-03-20;92.67143
1966-03-27;89.0
1966-04-03;97.2
1966-04-10;98.3
1966-04-17;99.6
1966-04-24;95.299995
1966-05-01;77.042854
1966-05-08;63.028572
1966-05-15;76.72857
1966-05-22;54.24286
1966-05-29;50.714287
1966-06-05;42.485714
1966-06-12;31.757143
1966-06-19;35.114285
1966-06-26;50.5
1966-07-03;85.7
1966-07-10;76.41428
1966-07-17;76.700005
1966-07-24;92.77143
1966-07-31;89.057144
1966-08-07;86.75714
1966-08-14;81.02857
1966-08-21;67.32857
1966-08-28;87.314285
1966-09-04;85.62857
1966-09-11;80.77143
1966-09-18;72.557144
1966-09-25;65.5
1966-10-02;61.985714
1966-10-09;54.62857
1966-10-16;54.728573
1966-10-23;54.685715
1966-10-30;88.442856
1966-11-06;96.48571
1966-11-13;97.48571
1966-11-20;99.71429
1966-11-27;98.71429
1966-12-04;99.85715
1966-12-11;99.52857
1966-12-18;100.0
1966-12-25;99.942856
1967-01-01;99.542854
1967-01-08;99.91428
1967-01-15;99.542854
1967-01-22;98.15714
1967-01-29;99.328575
1967-02-05;99.08572
1967-02-12;95.957146
1967-02-19;90.92857
1967-02-26;98.75714
1967-03-05;98.814285
1967-03-12;88.97143
1967-03-19;89.442856
1967-03-26;96.61429
1967-04-02;86.3
1967-04-09;81.700005
1967-04-16;71.82857
1967-04-23;59.985714
1967-04-30;48.87143
1967-05-07;43.214287
1967-05-14;29.37143
1967-05-21;25.8
1967-05-28;25.585714
1967-06-04;67.82857
1967-06-11;67.11429
1967-06-18;82.700005
1967-06-25;80.14285
1967-07-02;70.91428
1967-07-09;66.057144
1967-07-16;73.57143
1967-07-23;86.557144
1967-07-30;78.02857
1967-08-06;70.57143
1967-08-13;68.07143
1967-08-20;71.52857
1967-08-27;65.01428
1967-09-03;60.12857
1967-09-10;57.842857
1967-09-17;70.01429
1967-09-24;81.21429
1967-10-01;77.314285
1967-10-08;72.57143
1967-10-15;69.11429
1967-10-22;74.0
1967-10-29;71.685715
1967-11-05;70.78571
1967-11-12;70.22857
1967-11-19;76.17143
1967-11-26;75.457146
1967-12-03;98.84286
1967-12-10;99.8
1967-12-17;99.8
1967-12-24;99.957146
1967-12-31;99.957146
1968-01-07;99.61429
1968-01-14;99.457146
1968-01-21;98.457146
1968-01-28;99.2
1968-02-04;97.02857
1968-02-11;94.91428
1968-02-18;96.74286
1968-02-25;97.828575
1968-03-03;94.08572
1968-03-10;98.75714
1968-03-17;94.61429
1968-03-24;94.2
1968-03-31;78.42857
1968-04-07;65.11429
1968-04-14;52.42857
1968-04-21;38.071426
1968-04-28;30.571428
1968-05-05;58.0
1968-05-12;54.257145
1968-05-19;58.514286
1968-05-26;50.54286
1968-06-02;41.12857
1968-06-09;49.157143
1968-06-16;49.885715
1968-06-23;43.74286
1968-06-30;47.82857
1968-07-07;44.95714
1968-07-14;45.857143
1968-07-21;49.142857
1968-07-28;53.557144
1968-08-04;46.414284
1968-08-11;39.914288
1968-08-18;36.814285
1968-08-25;32.55714
1968-09-01;35.085716
1968-09-08;43.87143
1968-09-15;43.92857
1968-09-22;69.7
1968-09-29;83.557144
1968-10-06;95.57143
1968-10-13;98.685715
1968-10-20;96.91428
1968-10-27;89.88571
1968-11-03;87.67143
1968-11-10;96.6
1968-11-17;98.0
1968-11-24;99.57143
1968-12-01;97.02857
1968-12-08;93.72857
1968-12-15;90.61428
1968-12-22;90.78571
1968-12-29;99.51428
1969-01-05;99.53333
1969-01-12;98.442856
1969-01-19;98.41428
1969-01-26;99.7
1969-02-02;99.7
1969-02-09;97.3
1969-02-16;97.32857
1969-02-23;98.41428
1969-03-02;97.65714
1969-03-09;89.14286
1969-03-16;94.87143
1969-03-23;94.72858
1969-03-30;92.557144
1969-04-06;92.61429
1969-04-13;75.85714
1969-04-20;89.04286
1969-04-27;96.52857
1969-05-04;94.87143
1969-05-11;94.314285
1969-05-18;73.92857
1969-05-25;87.957146
1969-06-01;77.942856
1969-06-08;73.22857
1969-06-15;54.95714
1969-06-22;48.571426
1969-06-29;56.9
1969-07-06;58.600002
1969-07-13;59.814285
1969-07-20;58.757145
1969-07-27;52.4
1969-08-03;44.62857
1969-08-10;44.32857
1969-08-17;41.12857
1969-08-24;39.75714
1969-08-31;42.342857
1969-09-07;43.9
1969-09-14;41.94286
1969-09-21;35.285713
1969-09-28;31.385714
1969-10-05;36.728573
1969-10-12;37.600002
1969-10-19;33.228573
1969-10-26;37.74286
1969-11-02;43.471428
1969-11-09;54.614285
1969-11-16;68.700005
1969-11-23;69.97143
1969-11-30;91.24286
1969-12-07;98.22857
1969-12-14;99.01428
1969-12-21;99.98572
1969-12-28;99.34286
1970-01-04;99.942856
1970-01-11;99.0
1970-01-18;98.14286
1970-01-25;98.557144
1970-02-01;99.25714
1970-02-08;99.41428
1970-02-15;99.7
1970-02-22;99.91428
1970-03-01;99.685715
1970-03-08;98.8
1970-03-15;91.17143
1970-03-22;91.314285
1970-03-29;96.17143
1970-04-05;91.91428
1970-04-12;93.78571
1970-04-19;97.542854
1970-04-26;93.12857
1970-05-03;92.14286
1970-05-10;74.37143
1970-05-17;72.557144
1970-05-24;62.2
1970-05-31;65.1
1970-06-07;59.45714
1970-06-14;49.04286
1970-06-21;36.24286
1970-06-28;43.971428
1970-07-05;80.057144
1970-07-12;70.457146
1970-07-19;69.814285
1970-07-26;68.314285
1970-08-02;73.37143
1970-08-09;74.557144
1970-08-16;67.78571
1970-08-23;78.37143
1970-08-30;88.41428
1970-09-06;80.8
1970-09-13;81.87143
1970-09-20;82.77143
1970-09-27;72.84286
1970-10-04;76.64285
1970-10-11;82.52857
1970-10-18;76.185715
1970-10-25;85.185715
1970-11-01;98.88571
1970-11-08;99.78571
1970-11-15;99.57143
1970-11-22;99.52857
1970-11-29;97.74286
1970-12-06;99.64286
1970-12-13;97.24286
1970-12-20;96.02857
1970-12-27;97.3
1971-01-03;99.84286
1971-01-10;98.442856
1971-01-17;95.98571
1971-01-24;98.14286
1971-01-31;99.557144
1971-02-07;96.185715
1971-02-14;93.98571
1971-02-21;93.042854
1971-02-28;99.65714
1971-03-07;99.01428
1971-03-14;94.24286
1971-03-21;83.27143
1971-03-28;77.2
1971-04-04;73.27143
1971-04-11;65.85714
1971-04-18;54.985714
1971-04-25;51.185715
1971-05-02;74.92857
1971-05-09;54.12857
1971-05-16;46.385715
1971-05-23;60.2
1971-05-30;66.557144
1971-06-06;59.185715
1971-06-13;60.142857
1971-06-20;67.942856
1971-06-27;72.08572
1971-07-04;87.08572
1971-07-11;67.45714
1971-07-18;57.82857
1971-07-25;51.72857
1971-08-01;55.17143
1971-08-08;50.25714
1971-08-15;42.642857
1971-08-22;38.62857
1971-08-29;52.07143
1971-09-05;47.028572
1971-09-12;42.285713
1971-09-19;42.857143
1971-09-26;43.157143
1971-10-03;47.685715
1971-10-10;41.157143
1971-10-17;46.271427
1971-10-24;56.028572
1971-10-31;52.471428
1971-11-07;48.314285
1971-11-14;47.2
1971-11-21;56.714287
1971-11-28;63.914284
1971-12-05;65.1
1971-12-12;77.3
1971-12-19;89.7
1971-12-26;99.08572
1972-01-02;98.84286
1972-01-09;98.9
1972-01-16;95.97143
1972-01-23;93.11429
1972-01-30;90.51429
1972-02-06;88.457146
1972-02-13;87.042854
1972-02-20;83.814285
1972-02-27;82.0
1972-03-05;84.38571
1972-03-12;93.185715
1972-03-19;85.38571
1972-03-26;69.6
1972-04-02;79.185715
1972-04-09;83.38571
1972-04-16;71.98572
1972-04-23;66.07143
1972-04-30;55.82857
1972-05-07;42.757145
1972-05-14;43.45714
1972-05-21;77.1
1972-05-28;67.057144
1972-06-04;57.24286
1972-06-11;81.92857
1972-06-18;90.42857
1972-06-25;82.61429
1972-07-02;78.0
1972-07-09;77.01429
1972-07-16;79.41428
1972-07-23;77.314285
1972-07-30;87.314285
1972-08-06;93.11429
1972-08-13;81.957146
1972-08-20;90.64286
1972-08-27;86.28571
1972-09-03;74.27143
1972-09-10;64.98572
1972-09-17;69.28571
1972-09-24;84.37143
1972-10-01;84.542854
1972-10-08;75.5
1972-10-15;67.328575
1972-10-22;65.08572
1972-10-29;82.171425
1972-11-05;95.328575
1972-11-12;96.98572
1972-11-19;99.75714
1972-11-26;98.78571
1972-12-03;94.65714
1972-12-10;94.185715
1972-12-17;93.185715
1972-12-24;90.51429
1972-12-31;88.066666
1973-01-07;85.700005
1973-01-14;85.78571
1973-01-21;96.87143
1973-01-28;98.62857
1973-02-04;99.14286
1973-02-11;95.299995
1973-02-18;91.87143
1973-02-25;94.74286
1973-03-04;96.75714
1973-03-11;96.87143
1973-03-18;91.15714
1973-03-25;84.92857
1973-04-01;69.85714
1973-04-08;78.4
1973-04-15;74.32857
1973-04-22;75.71429
1973-04-29;70.8
1973-05-06;79.42857
1973-05-13;70.24286
1973-05-20;60.57143
1973-05-27;50.685715
1973-06-03;47.142857
1973-06-10;41.642857
1973-06-17;32.814285
1973-06-24;28.157143
1973-07-01;32.071426
1973-07-08;30.928572
1973-07-15;42.442856
1973-07-22;56.842857
1973-07-29;58.22857
1973-08-05;54.25714
1973-08-12;48.142857
1973-08-19;39.5
1973-08-26;33.528572
1973-09-02;27.614286
1973-09-09;25.042856
1973-09-16;19.171429
1973-09-23;23.542858
1973-09-30;41.62857
1973-10-07;38.4
1973-10-14;43.3
1973-10-21;64.15714
1973-10-28;84.58572
1973-11-04;77.87143
1973-11-11;76.62857
1973-11-18;91.71429
1973-11-25;94.042854
1973-12-02;94.21429
1973-12-09;98.71429
1973-12-16;99.62857
1973-12-23;98.74286
1973-12-30;96.957146
1974-01-06;95.08572
1974-01-13;99.6
1974-01-20;99.814285
1974-01-27;97.01428
1974-02-03;95.11429
1974-02-10;97.98572
1974-02-17;95.52857
1974-02-24;95.77143
1974-03-03;93.84286
1974-03-10;86.814285
1974-03-17;81.64286
1974-03-24;83.814285
1974-03-31;70.057144
1974-04-07;56.514286
1974-04-14;42.071426
1974-04-21;40.028572
1974-04-28;49.6
1974-05-05;52.857143
1974-05-12;51.514286
1974-05-19;42.728573
1974-05-26;41.342857
1974-06-02;41.557144
1974-06-09;44.5
1974-06-16;55.54286
1974-06-23;50.7
1974-06-30;55.82857
1974-07-07;77.814285
1974-07-14;76.71429
1974-07-21;71.9
1974-07-28;71.11429
1974-08-04;65.92857
1974-08-11;62.342857
1974-08-18;56.771427
1974-08-25;61.2
1974-09-01;56.67143
1974-09-08;57.87143
1974-09-15;51.7
1974-09-22;44.45714
1974-09-29;42.585716
1974-10-06;43.54286
1974-10-13;48.32857
1974-10-20;58.785713
1974-10-27;95.71429
1974-11-03;99.4
1974-11-10;97.01429
1974-11-17;95.48572
1974-11-24;98.14286
1974-12-01;99.942856
1974-12-08;99.85714
1974-12-15;99.685715
1974-12-22;99.25714
1974-12-29;99.01428
1975-01-05;99.07143
1975-01-12;99.41428
1975-01-19;95.87143
1975-01-26;95.21429
1975-02-02;99.67143
1975-02-09;96.58572
1975-02-16;94.185715
1975-02-23;90.042854
1975-03-02;82.48572
1975-03-09;75.328575
1975-03-16;81.74286
1975-03-23;82.15714
1975-03-30;91.92857
1975-04-06;93.62857
1975-04-13;90.72857
1975-04-20;96.21429
1975-04-27;79.92857
1975-05-04;66.52857
1975-05-11;70.314285
1975-05-18;82.814285
1975-05-25;66.14286
1975-06-01;50.285713
1975-06-08;40.228573
1975-06-15;41.357143
1975-06-22;41.442856
1975-06-29;59.857143
1975-07-06;52.614285
1975-07-13;47.842857
1975-07-20;49.314285
1975-07-27;49.214287
1975-08-03;42.185715
1975-08-10;32.17143
1975-08-17;23.828571
1975-08-24;23.414286
1975-08-31;24.814285
1975-09-07;18.62857
1975-09-14;19.72857
1975-09-21;22.085714
1975-09-28;21.557144
1975-10-05;28.485714
1975-10-12;31.942858
1975-10-19;33.057144
1975-10-26;44.971428
1975-11-02;43.74286
1975-11-09;41.285713
1975-11-16;39.67143
1975-11-23;46.600002
1975-11-30;52.657143
1975-12-07;53.87143
1975-12-14;55.8
1975-12-21;54.614285
1975-12-28;54.885715
1976-01-04;72.04286
1976-01-11;96.5
1976-01-18;99.685715
1976-01-25;99.71429
1976-02-01;98.02857
1976-02-08;94.57143
1976-02-15;96.685715
1976-02-22;95.84286
1976-02-29;91.07143
1976-03-07;81.057144
1976-03-14;80.61429
1976-03-21;78.52857
1976-03-28;76.814285
1976-04-04;69.28571
1976-04-11;63.8
1976-04-18;53.442856
1976-04-25;43.62857
1976-05-02;39.185715
1976-05-09;30.785715
1976-05-16;18.242857
1976-05-23;13.985714
1976-05-30;26.471428
1976-06-06;40.25714
1976-06-13;27.814285
1976-06-20;24.328571
1976-06-27;21.5
1976-07-04;16.87143
1976-07-11;21.014286
1976-07-18;24.785715
1976-07-25;35.385715
1976-08-01;35.914284
1976-08-08;41.057144
1976-08-15;35.2
1976-08-22;30.542856
1976-08-29;27.22857
1976-09-05;28.357143
1976-09-12;27.357143
1976-09-19;26.057142
1976-09-26;24.72857
1976-10-03;35.87143
1976-10-10;38.385715
1976-10-17;38.414284
1976-10-24;47.42857
1976-10-31;44.714287
1976-11-07;52.42857
1976-11-14;63.357143
1976-11-21;71.557144
1976-11-28;75.4
1976-12-05;83.35714
1976-12-12;84.04286
1976-12-19;87.51428
1976-12-26;87.828575
1977-01-02;86.71667
1977-01-09;88.6
1977-01-16;97.25714
1977-01-23;99.7
1977-01-30;99.27143
1977-02-06;97.299995
1977-02-13;99.8
1977-02-20;99.442856
1977-02-27;95.442856
1977-03-06;95.042854
1977-03-13;92.0
1977-03-20;97.02857
1977-03-27;92.97143
1977-04-03;94.38571
1977-04-10;88.27143
1977-04-17;83.91428
1977-04-24;71.78571
1977-05-01;62.0
1977-05-08;60.614285
1977-05-15;57.728573
1977-05-22;77.814285
1977-05-29;69.97143
1977-06-05;54.342857
1977-06-12;62.885715
1977-06-19;90.87143
1977-06-26;89.85714
1977-07-03;77.07143
1977-07-10;66.11429
1977-07-17;61.557144
1977-07-24;65.28571
1977-07-31;67.64286
1977-08-07;63.92857
1977-08-14;73.61429
1977-08-21;76.15714
1977-08-28;75.32857
1977-09-04;77.557144
1977-09-11;79.74286
1977-09-18;79.557144
1977-09-25;72.41428
1977-10-02;65.41428
1977-10-09;70.92857
1977-10-16;76.1
1977-10-23;69.08572
1977-10-30;62.342857
1977-11-06;87.057144
1977-11-13;98.2
1977-11-20;98.84286
1977-11-27;99.3
1977-12-04;98.28571
1977-12-11;97.057144
1977-12-18;98.85714
1977-12-25;97.78571
1978-01-01;99.9
1978-01-08;99.71429
1978-01-15;98.48572
1978-01-22;98.82857
1978-01-29;98.15714
1978-02-05;99.11429
1978-02-12;98.328575
1978-02-19;98.07143
1978-02-26;95.957146
1978-03-05;90.52857
1978-03-12;92.1
1978-03-19;91.52857
1978-03-26;99.2
1978-04-02;94.942856
1978-04-09;83.08572
1978-04-16;70.72857
1978-04-23;56.514286
1978-04-30;45.657143
1978-05-07;49.471428
1978-05-14;46.4
1978-05-21;51.57143
1978-05-28;67.11429
1978-06-04;45.54286
1978-06-11;55.557144
1978-06-18;59.9
1978-06-25;48.257145
1978-07-02;50.814285
1978-07-09;60.528572
1978-07-16;70.88571
1978-07-23;66.41428
1978-07-30;59.228573
1978-08-06;57.1
1978-08-13;73.8
1978-08-20;69.75714
1978-08-27;59.528572
1978-09-03;60.45714
1978-09-10;62.228573
1978-09-17;68.72857
1978-09-24;72.6
1978-10-01;82.35715
1978-10-08;93.4
1978-10-15;81.98572
1978-10-22;83.057144
1978-10-29;88.78571
1978-11-05;84.77143
1978-11-12;81.314285
1978-11-19;77.957146
1978-11-26;74.314285
1978-12-03;80.65714
1978-12-10;91.35714
1978-12-17;99.74286
1978-12-24;99.24286
1978-12-31;100.0
1979-01-07;98.88571
1979-01-14;99.77143
1979-01-21;99.457146
1979-01-28;99.457146
1979-02-04;99.61429
1979-02-11;96.328575
1979-02-18;99.74286
1979-02-25;97.84286
1979-03-04;92.71429
1979-03-11;88.24286
1979-03-18;98.58572
1979-03-25;97.057144
1979-04-01;99.01428
1979-04-08;98.61429
1979-04-15;83.78571
1979-04-22;84.3
1979-04-29;85.58572
1979-05-06;80.4
1979-05-13;69.98572
1979-05-20;55.685715
1979-05-27;57.0
1979-06-03;52.37143
1979-06-10;50.285713
1979-06-17;67.98571
1979-06-24;63.857143
1979-07-01;54.0
1979-07-08;52.54286
1979-07-15;55.271427
1979-07-22;56.185715
1979-07-29;64.28571
1979-08-05;77.92857
1979-08-12;75.25714
1979-08-19;70.685715
1979-08-26;62.57143
1979-09-02;57.728573
1979-09-09;60.27143
1979-09-16;56.37143
1979-09-23;51.357143
1979-09-30;46.57143
1979-10-07;40.32857
1979-10-14;35.185715
1979-10-21;33.642857
1979-10-28;29.742857
1979-11-04;33.414288
1979-11-11;80.28571
1979-11-18;96.0
1979-11-25;97.25714
1979-12-02;94.1
1979-12-09;95.08572
1979-12-16;99.9
1979-12-23;99.171425
1979-12-30;98.98572
1980-01-06;99.91428
1980-01-13;99.1
1980-01-20;97.22857
1980-01-27;98.08572
1980-02-03;99.57143
1980-02-10;99.48572
1980-02-17;96.15714
1980-02-24;89.3
1980-03-02;81.48572
1980-03-09;79.21429
1980-03-16;76.27143
1980-03-23;69.51428
1980-03-30;66.1
1980-04-06;89.17143
1980-04-13;86.65714
1980-04-20;68.35714
1980-04-27;77.671425
1980-05-04;87.77143
1980-05-11;74.25714
1980-05-18;54.114285
1980-05-25;39.185715
1980-06-01;47.6
1980-06-08;48.42857
1980-06-15;63.014286
1980-06-22;75.02857
1980-06-29;73.41428
1980-07-06;84.828575
1980-07-13;86.58572
1980-07-20;83.65714
1980-07-27;78.98572
1980-08-03;68.457146
1980-08-10;63.6
1980-08-17;57.45714
1980-08-24;53.142857
1980-08-31;50.45714
1980-09-07;50.2
1980-09-14;52.62857
1980-09-21;55.142857
1980-09-28;53.528572
1980-10-05;49.12857
1980-10-12;49.32857
1980-10-19;64.057144
1980-10-26;61.3
1980-11-02;66.299995
1980-11-09;76.299995
1980-11-16;90.957146
1980-11-23;99.27143
1980-11-30;98.98572
1980-12-07;99.84286
1980-12-14;98.5
1980-12-21;99.457146
1980-12-28;99.685715
1981-01-04;99.11667
1981-01-11;99.9
1981-01-18;99.88571
1981-01-25;99.14285
1981-02-01;96.057144
1981-02-08;94.11429
1981-02-15;96.58572
1981-02-22;95.78571
1981-03-01;98.01428
1981-03-08;98.97143
1981-03-15;99.48571
1981-03-22;96.057144
1981-03-29;94.942856
1981-04-05;83.3
1981-04-12;72.27143
1981-04-19;58.2
1981-04-26;50.114285
1981-05-03;53.82857
1981-05-10;44.242855
1981-05-17;35.75714
1981-05-24;39.45714
1981-05-31;56.67143
1981-06-07;84.57143
1981-06-14;81.91428
1981-06-21;72.21429
1981-06-28;68.957146
1981-07-05;71.15714
1981-07-12;64.08572
1981-07-19;63.985714
1981-07-26;64.21429
1981-08-02;69.042854
1981-08-09;63.142857
1981-08-16;89.35714
1981-08-23;87.92857
1981-08-30;84.12857
1981-09-06;71.41428
1981-09-13;62.1
1981-09-20;70.314285
1981-09-27;89.58572
1981-10-04;94.92857
1981-10-11;88.52857
1981-10-18;98.57143
1981-10-25;97.47143
1981-11-01;98.442856
1981-11-08;97.72857
1981-11-15;98.51429
1981-11-22;97.47143
1981-11-29;99.28571
1981-12-06;99.942856
1981-12-13;99.75714
1981-12-20;99.75714
1981-12-27;99.91428
1982-01-03;99.64286
1982-01-10;99.171425
1982-01-17;96.67143
1982-01-24;93.9
1982-01-31;96.51428
1982-02-07;95.15714
1982-02-14;90.85714
1982-02-21;85.200005
1982-02-28;78.47143
1982-03-07;94.14285
1982-03-14;92.91428
1982-03-21;94.27143
1982-03-28;83.67143
1982-04-04;68.77143
1982-04-11;62.8
1982-04-18;63.62857
1982-04-25;49.12857
1982-05-02;39.842857
1982-05-09;41.842857
1982-05-16;37.214287
1982-05-23;36.357143
1982-05-30;51.885715
1982-06-06;30.828571
1982-06-13;23.928572
1982-06-20;38.914284
1982-06-27;51.471428
1982-07-04;53.842857
1982-07-11;59.92857
1982-07-18;52.95714
1982-07-25;47.0
1982-08-01;40.62857
1982-08-08;37.571426
1982-08-15;38.685715
1982-08-22;37.742855
1982-08-29;36.92857
1982-09-05;34.642857
1982-09-12;31.27143
1982-09-19;24.571428
1982-09-26;20.428572
1982-10-03;19.542856
1982-10-10;26.3
1982-10-17;45.32857
1982-10-24;52.04286
1982-10-31;52.24286
1982-11-07;48.57143
1982-11-14;45.5
1982-11-21;61.05714
1982-11-28;66.42857
1982-12-05;65.0
1982-12-12;71.671425
1982-12-19;75.62857
1982-12-26;80.314285
1983-01-02;84.7
1983-01-09;91.685715
1983-01-16;92.88571
1983-01-23;98.957146
1983-01-30;98.78571
1983-02-06;99.48572
1983-02-13;99.65714
1983-02-20;96.442856
1983-02-27;89.82857
1983-03-06;88.47143
1983-03-13;80.08572
1983-03-20;79.04286
1983-03-27;91.35715
1983-04-03;98.0
1983-04-10;98.28571
1983-04-17;97.442856
1983-04-24;90.42857
1983-05-01;77.02857
1983-05-08;72.0
1983-05-15;62.614285
1983-05-22;92.02857
1983-05-29;96.8
1983-06-05;82.88571
1983-06-12;67.27143
1983-06-19;73.48572
1983-06-26;53.485714
1983-07-03;58.67143
1983-07-10;52.82857
1983-07-17;47.24286
1983-07-24;46.214287
1983-07-31;39.54286
1983-08-07;44.714287
1983-08-14;46.757145
1983-08-21;38.82857
1983-08-28;32.471428
1983-09-04;25.742857
1983-09-11;23.085714
1983-09-18;29.714285
1983-09-25;32.57143
1983-10-02;28.685715
1983-10-09;34.557144
1983-10-16;46.57143
1983-10-23;45.07143
1983-10-30;41.45714
1983-11-06;38.72857
1983-11-13;36.185715
1983-11-20;40.100002
1983-11-27;54.985714
1983-12-04;86.38571
1983-12-11;96.299995
1983-12-18;98.28571
1983-12-25;99.62857
1984-01-01;99.71429
1984-01-08;99.15714
1984-01-15;99.88571
1984-01-22;98.4
1984-01-29;99.15714
1984-02-05;99.84286
1984-02-12;99.77143
1984-02-19;94.54286
1984-02-26;96.171425
1984-03-04;95.47143
1984-03-11;88.78571
1984-03-18;79.057144
1984-03-25;69.3
1984-04-01;70.34286
1984-04-08;96.171425
1984-04-15;87.62857
1984-04-22;72.14285
1984-04-29;51.67143
1984-05-06;55.32857
1984-05-13;60.04286
1984-05-20;55.385715
1984-05-27;64.97143
1984-06-03;89.814285
1984-06-10;96.9
1984-06-17;78.62857
1984-06-24;69.14285
1984-07-01;71.08572
1984-07-08;87.41428
1984-07-15;79.48572
1984-07-22;84.52857
1984-07-29;77.15714
1984-08-05;72.42857
1984-08-12;71.314285
1984-08-19;64.52857
1984-08-26;54.74286
1984-09-02;45.25714
1984-09-09;59.142857
1984-09-16;77.942856
1984-09-23;72.47143
1984-09-30;71.25714
1984-10-07;76.08572
1984-10-14;81.71429
1984-10-21;77.24286
1984-10-28;82.64286
1984-11-04;78.042854
1984-11-11;72.61428
1984-11-18;69.82857
1984-11-25;87.02857
1984-12-02;96.78571
1984-12-09;93.28571
1984-12-16;93.61429
1984-12-23;99.814285
1984-12-30;98.15714
1985-01-06;99.833336
1985-01-13;99.92857
1985-01-20;99.64286
1985-01-27;99.87143
1985-02-03;99.51428
1985-02-10;98.48572
1985-02-17;95.057144
1985-02-24;90.91428
1985-03-03;89.557144
1985-03-10;85.34286
1985-03-17;80.97143
1985-03-24;90.11429
1985-03-31;90.542854
1985-04-07;97.34286
1985-04-14;99.07143
1985-04-21;89.02857
1985-04-28;71.942856
1985-05-05;83.17143
1985-05-12;70.47143
1985-05-19;51.62857
1985-05-26;39.0
1985-06-02;62.971428
1985-06-09;74.5
1985-06-16;81.64286
1985-06-23;87.328575
1985-06-30;90.17143
1985-07-07;82.88571
1985-07-14;79.54286
1985-07-21;69.45714
1985-07-28;67.72857
1985-08-04;63.814285
1985-08-11;56.57143
1985-08-18;59.314285
1985-08-25;68.0
1985-09-01;60.62857
1985-09-08;55.75714
1985-09-15;55.414288
1985-09-22;60.214287
1985-09-29;53.92857
1985-10-06;48.67143
1985-10-13;53.4
1985-10-20;52.07143
1985-10-27;49.8
1985-11-03;48.114285
1985-11-10;60.95714
1985-11-17;64.042854
1985-11-24;77.27143
1985-12-01;86.08572
1985-12-08;86.299995
1985-12-15;95.08572
1985-12-22;99.74286
1985-12-29;99.1
1986-01-05;99.557144
1986-01-12;99.82857
1986-01-19;99.97143
1986-01-26;98.72857
1986-02-02;97.2
1986-02-09;98.57143
1986-02-16;97.42857
1986-02-23;98.02857
1986-03-02;96.02857
1986-03-09;96.34286
1986-03-16;97.75714
1986-03-23;90.6
1986-03-30;96.92857
1986-04-06;98.828575
1986-04-13;97.328575
1986-04-20;88.41428
1986-04-27;83.22857
1986-05-04;69.11429
1986-05-11;67.97143
1986-05-18;70.5
1986-05-25;63.17143
1986-06-01;64.557144
1986-06-08;88.0
1986-06-15;85.9
1986-06-22;60.67143
1986-06-29;46.2
1986-07-06;39.014286
1986-07-13;50.04286
1986-07-20;49.728573
1986-07-27;55.942856
1986-08-03;51.442856
1986-08-10;49.471428
1986-08-17;45.571426
1986-08-24;55.071426
1986-08-31;59.142857
1986-09-07;59.228573
1986-09-14;53.42857
1986-09-21;82.9
1986-09-28;75.97143
1986-10-05;70.07143
1986-10-12;63.82857
1986-10-19;56.314285
1986-10-26;84.557144
1986-11-02;88.67143
1986-11-09;90.97143
1986-11-16;84.314285
1986-11-23;83.557144
1986-11-30;80.42857
1986-12-07;76.67143
1986-12-14;75.52857
1986-12-21;92.98572
1986-12-28;99.942856
1987-01-04;99.92857
1987-01-11;99.9
1987-01-18;99.92857
1987-01-25;99.957146
1987-02-01;99.27143
1987-02-08;96.08572
1987-02-15;99.48571
1987-02-22;99.72857
1987-03-01;97.37143
1987-03-08;96.185715
1987-03-15;86.01429
1987-03-22;88.87143
1987-03-29;89.88571
1987-04-05;82.48572
1987-04-12;81.3
1987-04-19;70.24286
1987-04-26;62.385715
1987-05-03;49.82857
1987-05-10;62.942856
1987-05-17;57.185715
1987-05-24;50.071426
1987-05-31;49.728573
1987-06-07;59.814285
1987-06-14;57.442856
1987-06-21;80.8
1987-06-28;84.1
1987-07-05;71.22857
1987-07-12;61.142857
1987-07-19;81.32857
1987-07-26;95.08572
1987-08-02;98.0
1987-08-09;96.47143
1987-08-16;94.61429
1987-08-23;91.328575
1987-08-30;79.685715
1987-09-06;71.97143
1987-09-13;72.928566
1987-09-20;72.52857
1987-09-27;79.57143
1987-10-04;72.828575
1987-10-11;63.985714
1987-10-18;63.45714
1987-10-25;67.828575
1987-11-01;68.51429
1987-11-08;73.24286
1987-11-15;76.64286
1987-11-22;93.5
1987-11-29;98.97143
1987-12-06;95.77143
1987-12-13;94.51428
1987-12-20;98.1
1987-12-27;99.48571
1988-01-03;98.85714
1988-01-10;98.61429
1988-01-17;99.1
1988-01-24;99.2
1988-01-31;99.25714
1988-02-07;98.6
1988-02-14;98.542854
1988-02-21;97.942856
1988-02-28;99.92857
1988-03-06;98.25714
1988-03-13;99.21429
1988-03-20;98.28571
1988-03-27;99.75714
1988-04-03;96.48572
1988-04-10;84.11429
1988-04-17;67.957146
1988-04-24;51.185715
1988-05-01;39.25714
1988-05-08;29.842857
1988-05-15;17.428572
1988-05-22;9.942857
1988-05-29;3.0714285
1988-06-05;0.2857143
1988-06-12;58.442856
1988-06-19;60.857143
1988-06-26;54.45714
1988-07-03;53.92857
1988-07-10;54.24286
1988-07-17;58.157143
1988-07-24;57.971428
1988-07-31;56.614285
1988-08-07;55.1
1988-08-14;47.857143
1988-08-21;38.885715
1988-08-28;40.04286
1988-09-04;44.728573
1988-09-11;44.485714
1988-09-18;41.728573
1988-09-25;39.985714
1988-10-02;42.842857
1988-10-09;42.25714
1988-10-16;45.528572
1988-10-23;46.114285
1988-10-30;46.87143
1988-11-06;47.95714
1988-11-13;46.8
1988-11-20;63.971428
1988-11-27;65.057144
1988-12-04;89.48572
1988-12-11;99.84286
1988-12-18;99.57143
1988-12-25;99.28571
1989-01-01;97.71667
1989-01-08;96.27143
1989-01-15;97.6
1989-01-22;94.01429
1989-01-29;89.1
1989-02-05;85.67143
1989-02-12;81.47143
1989-02-19;88.64286
1989-02-26;96.8
1989-03-05;97.67143
1989-03-12;90.4
1989-03-19;86.7
1989-03-26;84.442856
1989-04-02;72.557144
1989-04-09;66.685715
1989-04-16;57.857143
1989-04-23;53.0
1989-04-30;49.028572
1989-05-07;41.471428
1989-05-14;36.814285
1989-05-21;28.485714
1989-05-28;13.757143
1989-06-04;8.042857
1989-06-11;20.7
1989-06-18;25.257143
1989-06-25;15.6285715
1989-07-02;24.485714
1989-07-09;36.657143
1989-07-16;40.028572
1989-07-23;38.42857
1989-07-30;37.75714
1989-08-06;40.185715
1989-08-13;35.414288
1989-08-20;28.685715
1989-08-27;25.414286
1989-09-03;36.17143
1989-09-10;33.228573
1989-09-17;31.5
1989-09-24;29.171429
1989-10-01;30.114286
1989-10-08;31.27143
1989-10-15;36.614285
1989-10-22;35.95714
1989-10-29;33.842857
1989-11-05;90.07143
1989-11-12;98.171425
1989-11-19;91.14285
1989-11-26;95.52857
1989-12-03;98.85714
1989-12-10;96.61429
1989-12-17;98.91428
1989-12-24;99.57143
1989-12-31;97.6
1990-01-07;95.92857
1990-01-14;94.75714
1990-01-21;95.87143
1990-01-28;98.71429
1990-02-04;96.58572
1990-02-11;94.0
1990-02-18;98.07143
1990-02-25;90.25714
1990-03-04;98.4
1990-03-11;97.11429
1990-03-18;87.17143
1990-03-25;73.25714
1990-04-01;66.17143
1990-04-08;55.2
1990-04-15;54.04286
1990-04-22;55.45714
1990-04-29;68.12857
1990-05-06;50.357143
1990-05-13;37.24286
1990-05-20;37.54286
1990-05-27;27.857143
1990-06-03;26.1
1990-06-10;54.04286
1990-06-17;80.42857
1990-06-24;73.04286
1990-07-01;73.8
1990-07-08;74.78571
1990-07-15;68.97143
1990-07-22;60.95714
1990-07-29;53.514286
1990-08-05;44.028572
1990-08-12;37.54286
1990-08-19;37.114285
1990-08-26;43.271427
1990-09-02;48.54286
1990-09-09;72.15714
1990-09-16;75.57143
1990-09-23;72.11429
1990-09-30;81.24286
1990-10-07;77.74286
1990-10-14;69.61429
1990-10-21;60.8
1990-10-28;54.87143
1990-11-04;61.757145
1990-11-11;62.54286
1990-11-18;76.65714
1990-11-25;99.35715
1990-12-02;99.314285
1990-12-09;98.299995
1990-12-16;99.88571
1990-12-23;99.61429
1990-12-30;98.78571
1991-01-06;99.27143
1991-01-13;97.77143
1991-01-20;93.92857
1991-01-27;90.814285
1991-02-03;87.27143
1991-02-10;85.8
1991-02-17;94.27143
1991-02-24;93.42857
1991-03-03;85.01429
1991-03-10;76.27143
1991-03-17;68.11429
1991-03-24;82.185715
1991-03-31;84.11429
1991-04-07;80.5
1991-04-14;67.9
1991-04-21;55.142857
1991-04-28;50.085716
1991-05-05;48.32857
1991-05-12;48.971428
1991-05-19;55.04286
1991-05-26;49.271427
1991-06-02;41.37143
1991-06-09;34.57143
1991-06-16;34.74286
1991-06-23;51.085716
1991-06-30;69.21429
1991-07-07;72.47143
1991-07-14;68.0
1991-07-21;71.61429
1991-07-28;63.685715
1991-08-04;60.085712
1991-08-11;62.62857
1991-08-18;57.514286
1991-08-25;50.942856
1991-09-01;43.157143
1991-09-08;35.485714
1991-09-15;32.8
1991-09-22;32.642857
1991-09-29;41.028572
1991-10-06;42.6
1991-10-13;39.1
1991-10-20;39.557144
1991-10-27;39.87143
1991-11-03;38.657143
1991-11-10;63.085716
1991-11-17;80.51428
1991-11-24;79.7
1991-12-01;78.24286
1991-12-08;76.25714
1991-12-15;74.48571
1991-12-22;89.48571
1991-12-29;99.67143
1992-01-05;97.61429
1992-01-12;99.25714
1992-01-19;97.92857
1992-01-26;97.57143
1992-02-02;94.21429
1992-02-09;95.17143
1992-02-16;95.38571
1992-02-23;96.84286
1992-03-01;91.64286
1992-03-08;83.8
1992-03-15;91.185715
1992-03-22;96.3
1992-03-29;98.814285
1992-04-05;97.52857
1992-04-12;85.41428
1992-04-19;80.57143
1992-04-26;70.4
1992-05-03;65.314285
1992-05-10;61.100002
1992-05-17;64.314285
1992-05-24;40.45714
1992-05-31;23.971428
1992-06-07;37.057144
1992-06-14;42.357143
1992-06-21;44.785713
1992-06-28;40.514286
1992-07-05;36.04286
1992-07-12;55.82857
1992-07-19;54.985714
1992-07-26;52.314285
1992-08-02;48.8
1992-08-09;38.728573
1992-08-16;36.6
1992-08-23;43.7
1992-08-30;59.228573
1992-09-06;78.07143
1992-09-13;69.41428
1992-09-20;60.585716
1992-09-27;54.657143
1992-10-04;49.028572
1992-10-11;93.15714
1992-10-18;88.3
1992-10-25;88.01428
1992-11-01;98.92857
1992-11-08;97.4
1992-11-15;98.14286
1992-11-22;99.942856
1992-11-29;99.78571
1992-12-06;99.1
1992-12-13;99.72857
1992-12-20;98.85714
1992-12-27;99.185715
1993-01-03;96.65
1993-01-10;98.35714
1993-01-17;99.07143
1993-01-24;97.957146
1993-01-31;98.88571
1993-02-07;93.65714
1993-02-14;90.65714
1993-02-21;97.457146
1993-02-28;94.85715
1993-03-07;88.52857
1993-03-14;82.07143
1993-03-21;76.07143
1993-03-28;68.62857
1993-04-04;60.2
1993-04-11;56.914284
1993-04-18;52.1
1993-04-25;48.971428
1993-05-02;38.82857
1993-05-09;61.485714
1993-05-16;39.114285
1993-05-23;48.314285
1993-05-30;86.8
1993-06-06;85.185715
1993-06-13;75.48572
1993-06-20;95.72857
1993-06-27;82.28571
1993-07-04;66.542854
1993-07-11;72.02857
1993-07-18;73.38571
1993-07-25;74.98572
1993-08-01;76.35714
1993-08-08;78.64286
1993-08-15;83.14285
1993-08-22;70.38571
1993-08-29;66.1
1993-09-05;65.12857
1993-09-12;66.057144
1993-09-19;83.5
1993-09-26;79.87143
1993-10-03;73.957146
1993-10-10;70.8
1993-10-17;71.12857
1993-10-24;69.51429
1993-10-31;67.91428
1993-11-07;66.314285
1993-11-14;71.67143
1993-11-21;85.47143
1993-11-28;88.41428
1993-12-05;89.685715
1993-12-12;97.17143
1993-12-19;99.84286
1993-12-26;100.0
1994-01-02;99.72857
1994-01-09;99.4
1994-01-16;99.25714
1994-01-23;99.27143
1994-01-30;99.85714
1994-02-06;97.64285
1994-02-13;95.671425
1994-02-20;93.0
1994-02-27;97.957146
1994-03-06;98.88572
1994-03-13;96.3
1994-03-20;100.0
1994-03-27;98.78571
1994-04-03;89.557144
1994-04-10;87.85714
1994-04-17;96.14286
1994-04-24;75.97143
1994-05-01;55.37143
1994-05-08;48.271427
1994-05-15;35.528572
1994-05-22;75.77143
1994-05-29;91.61429
1994-06-05;71.98572
1994-06-12;86.08572
1994-06-19;78.185715
1994-06-26;61.914284
1994-07-03;48.014286
1994-07-10;58.614285
1994-07-17;54.742855
1994-07-24;47.157143
1994-07-31;39.414284
1994-08-07;39.357143
1994-08-14;49.37143
1994-08-21;69.542854
1994-08-28;70.9
1994-09-04;69.37143
1994-09-11;85.57143
1994-09-18;94.35715
1994-09-25;91.91428
1994-10-02;85.0
1994-10-09;89.37143
1994-10-16;81.65714
1994-10-23;74.27143
1994-10-30;78.2
1994-11-06;87.9
1994-11-13;81.814285
1994-11-20;93.28571
1994-11-27;97.84286
1994-12-04;98.01428
1994-12-11;99.28571
1994-12-18;99.35714
1994-12-25;96.4
1995-01-01;99.91428
1995-01-08;99.22857
1995-01-15;99.52857
1995-01-22;99.07143
1995-01-29;99.942856
1995-02-05;99.0
1995-02-12;99.35714
1995-02-19;99.685715
1995-02-26;97.58572
1995-03-05;92.51429
1995-03-12;82.24286
1995-03-19;79.58572
1995-03-26;84.057144
1995-04-02;98.314285
1995-04-09;87.51428
1995-04-16;86.22857
1995-04-23;92.67143
1995-04-30;70.11429
1995-05-07;52.028572
1995-05-14;44.32857
1995-05-21;47.471428
1995-05-28;38.32857
1995-06-04;80.442856
1995-06-11;84.72857
1995-06-18;74.87143
1995-06-25;66.77143
1995-07-02;55.685715
1995-07-09;60.314285
1995-07-16;57.92857
1995-07-23;59.2
1995-07-30;51.528572
1995-08-06;42.314285
1995-08-13;32.485714
1995-08-20;26.457144
1995-08-27;21.7
1995-09-03;30.699999
1995-09-10;37.657143
1995-09-17;38.685715
1995-09-24;61.17143
1995-10-01;87.47143
1995-10-08;91.11429
1995-10-15;80.24286
1995-10-22;73.185715
1995-10-29;67.74286
1995-11-05;76.185715
1995-11-12;91.12857
1995-11-19;92.72857
1995-11-26;96.64286
1995-12-03;92.64285
1995-12-10;91.11429
1995-12-17;90.7
1995-12-24;94.6
1995-12-31;98.185715
1996-01-07;96.828575
1996-01-14;93.171425
1996-01-21;89.8
1996-01-28;90.84286
1996-02-04;94.9
1996-02-11;91.77143
1996-02-18;95.24286
1996-02-25;98.52857
1996-03-03;89.24286
1996-03-10;81.42857
1996-03-17;74.32857
1996-03-24;70.07143
1996-03-31;67.77143
1996-04-07;63.37143
1996-04-14;61.37143
1996-04-21;50.62857
1996-04-28;51.214287
1996-05-05;51.614285
1996-05-12;59.914284
1996-05-19;65.15714
1996-05-26;65.171425
1996-06-02;58.514286
1996-06-09;48.7
1996-06-16;34.07143
1996-06-23;26.62857
1996-06-30;27.1
1996-07-07;41.728573
1996-07-14;58.385715
1996-07-21;51.528572
1996-07-28;46.24286
1996-08-04;52.37143
1996-08-11;49.685715
1996-08-18;65.88571
1996-08-25;59.87143
1996-09-01;73.0
1996-09-08;68.542854
1996-09-15;72.6
1996-09-22;79.3
1996-09-29;83.171425
1996-10-06;94.65714
1996-10-13;87.57143
1996-10-20;88.62857
1996-10-27;96.07143
1996-11-03;98.12857
1996-11-10;98.01428
1996-11-17;99.38571
1996-11-24;98.77143
1996-12-01;100.0
1996-12-08;98.61429
1996-12-15;95.814285
1996-12-22;98.52857
1996-12-29;97.7
1997-01-05;98.96667
1997-01-12;98.07143
1997-01-19;96.314285
1997-01-26;99.61429
1997-02-02;96.08572
1997-02-09;92.21429
1997-02-16;96.557144
1997-02-23;98.65714
1997-03-02;97.12857
1997-03-09;84.74286
1997-03-16;76.942856
1997-03-23;91.442856
1997-03-30;95.61429
1997-04-06;90.828575
1997-04-13;84.4
1997-04-20;72.4
1997-04-27;60.942856
1997-05-04;56.485714
1997-05-11;65.1
1997-05-18;52.3
1997-05-25;57.24286
1997-06-01;52.142857
1997-06-08;36.842857
1997-06-15;27.357143
1997-06-22;31.042858
1997-06-29;42.24286
1997-07-06;47.271427
1997-07-13;47.157143
1997-07-20;69.442856
1997-07-27;94.2
1997-08-03;85.52857
1997-08-10;75.0
1997-08-17;60.37143
1997-08-24;50.014286
1997-08-31;59.314285
1997-09-07;60.442856
1997-09-14;57.25714
1997-09-21;49.885715
1997-09-28;41.17143
1997-10-05;40.314285
1997-10-12;48.62857
1997-10-19;62.32857
1997-10-26;58.62857
1997-11-02;57.614285
1997-11-09;61.714287
1997-11-16;72.98571
1997-11-23;84.6
1997-11-30;82.7
1997-12-07;96.64286
1997-12-14;99.957146
1997-12-21;99.34286
1997-12-28;99.62857
1998-01-04;99.1
1998-01-11;99.42857
1998-01-18;94.91428
1998-01-25;99.42857
1998-02-01;97.22857
1998-02-08;91.82857
1998-02-15;84.957146
1998-02-22;79.057144
1998-03-01;73.14286
1998-03-08;90.52857
1998-03-15;93.057144
1998-03-22;89.442856
1998-03-29;79.5
1998-04-05;87.07143
1998-04-12;98.47143
1998-04-19;84.62857
1998-04-26;84.15714
1998-05-03;79.542854
1998-05-10;65.1
1998-05-17;42.45714
1998-05-24;31.685715
1998-05-31;35.814285
1998-06-07;58.471428
1998-06-14;58.285713
1998-06-21;53.45714
1998-06-28;63.45714
1998-07-05;70.5
1998-07-12;75.77143
1998-07-19;77.01428
1998-07-26;69.35714
1998-08-02;66.12857
1998-08-09;58.82857
1998-08-16;47.885715
1998-08-23;42.414288
1998-08-30;53.714287
1998-09-06;58.54286
1998-09-13;65.185715
1998-09-20;78.5
1998-09-27;70.85715
1998-10-04;65.685715
1998-10-11;81.28571
1998-10-18;86.47143
1998-10-25;87.57143
1998-11-01;99.85714
1998-11-08;98.814285
1998-11-15;99.542854
1998-11-22;98.32857
1998-11-29;96.4
1998-12-06;97.02857
1998-12-13;98.814285
1998-12-20;99.52857
1998-12-27;99.28571
1999-01-03;97.328575
1999-01-10;99.5
1999-01-17;99.65714
1999-01-24;96.08572
1999-01-31;99.11429
1999-02-07;99.82857
1999-02-14;98.07143
1999-02-21;99.1
1999-02-28;98.5
1999-03-07;98.91428
1999-03-14;90.2
1999-03-21;81.01428
1999-03-28;83.87143
1999-04-04;84.1
1999-04-11;80.84286
1999-04-18;80.42857
1999-04-25;69.15714
1999-05-02;54.357143
1999-05-09;42.04286
1999-05-16;52.271427
1999-05-23;40.271427
1999-05-30;37.942856
1999-06-06;78.0
1999-06-13;89.35715
1999-06-20;73.97143
1999-06-27;67.88571
1999-07-04;57.8
1999-07-11;56.04286
1999-07-18;64.6
1999-07-25;56.5
1999-08-01;49.62857
1999-08-08;39.57143
1999-08-15;44.728573
1999-08-22;53.271427
1999-08-29;50.4
1999-09-05;50.357143
1999-09-12;43.62857
1999-09-19;34.0
1999-09-26;36.142857
1999-10-03;41.914288
1999-10-10;44.842857
1999-10-17;43.4
1999-10-24;39.442856
1999-10-31;38.771427
1999-11-07;43.95714
1999-11-14;51.12857
1999-11-21;54.9
1999-11-28;58.37143
1999-12-05;63.67143
1999-12-12;79.85715
1999-12-19;89.38571
1999-12-26;94.64286
2000-01-02;99.61429
2000-01-09;98.21429
2000-01-16;94.4
2000-01-23;98.12857
2000-01-30;98.11429
2000-02-06;98.32857
2000-02-13;98.78571
2000-02-20;99.37143
2000-02-27;98.88571
2000-03-05;98.58572
2000-03-12;98.71429
2000-03-19;98.814285
2000-03-26;89.299995
2000-04-02;94.41428
2000-04-09;81.75714
2000-04-16;71.814285
2000-04-23;74.75714
2000-04-30;56.057144
2000-05-07;45.471428
2000-05-14;32.785713
2000-05-21;20.157143
2000-05-28;24.1
2000-06-04;27.957144
2000-06-11;51.6
2000-06-18;40.057144
2000-06-25;35.37143
2000-07-02;45.54286
2000-07-09;51.657143
2000-07-16;56.74286
2000-07-23;56.142857
2000-07-30;57.785713
2000-08-06;64.942856
2000-08-13;61.942856
2000-08-20;73.3
2000-08-27;76.48571
2000-09-03;69.685715
2000-09-10;76.7
2000-09-17;74.24286
2000-09-24;74.21429
2000-10-01;64.25714
2000-10-08;67.88571
2000-10-15;75.9
2000-10-22;67.8
2000-10-29;64.02857
2000-11-05;68.07143
2000-11-12;68.47143
2000-11-19;78.07143
2000-11-26;79.72857
2000-12-03;79.97143
2000-12-10;83.88571
2000-12-17;93.74286
2000-12-24;95.61429
2000-12-31;99.55
2001-01-07;99.74286
2001-01-14;96.41428
2001-01-21;92.51428
2001-01-28;99.51428
2001-02-04;99.58572
2001-02-11;98.41428
2001-02-18;95.3
2001-02-25;96.11429
2001-03-04;94.328575
2001-03-11;93.74286
2001-03-18;92.9
2001-03-25;98.72857
2001-04-01;95.042854
2001-04-08;89.6
2001-04-15;82.88571
2001-04-22;83.78571
2001-04-29;75.65714
2001-05-06;60.642857
2001-05-13;52.2
2001-05-20;38.95714
2001-05-27;26.742857
2001-06-03;29.72857
2001-06-10;54.57143
2001-06-17;53.04286
2001-06-24;49.45714
2001-07-01;50.92857
2001-07-08;52.685715
2001-07-15;81.314285
2001-07-22;89.457146
2001-07-29;77.38571
2001-08-05;70.6
2001-08-12;71.4
2001-08-19;64.34286
2001-08-26;57.685715
2001-09-02;51.685715
2001-09-09;60.471428
2001-09-16;85.85714
2001-09-23;87.48572
2001-09-30;89.314285
2001-10-07;95.62857
2001-10-14;85.65714
2001-10-21;75.78571
2001-10-28;86.828575
2001-11-04;83.442856
2001-11-11;87.75714
2001-11-18;89.9
2001-11-25;89.72857
2001-12-02;99.21429
2001-12-09;99.57143
2001-12-16;98.9
2001-12-23;99.828575
2001-12-30;99.82857
2002-01-06;98.85714
2002-01-13;96.5
2002-01-20;95.5
2002-01-27;99.02857
2002-02-03;97.61429
2002-02-10;94.14286
2002-02-17;97.15714
2002-02-24;98.07143
2002-03-03;99.1
2002-03-10;94.7
2002-03-17;97.314285
2002-03-24;98.22857
2002-03-31;89.17143
2002-04-07;68.957146
2002-04-14;57.385715
2002-04-21;74.61429
2002-04-28;67.42857
2002-05-05;79.0
2002-05-12;82.71429
2002-05-19;61.07143
2002-05-26;68.67143
2002-06-02;66.8
2002-06-09;70.1
2002-06-16;92.8
2002-06-23;87.15714
2002-06-30;74.84286
2002-07-07;73.62857
2002-07-14;73.65714
2002-07-21;91.1
2002-07-28;92.37143
2002-08-04;90.34286
2002-08-11;97.37143
2002-08-18;93.957146
2002-08-25;76.3
2002-09-01;62.285713
2002-09-08;51.614285
2002-09-15;45.185715
2002-09-22;42.028572
2002-09-29;47.685715
2002-10-06;48.24286
2002-10-13;52.614285
2002-10-20;60.242855
2002-10-27;83.58572
2002-11-03;99.442856
2002-11-10;99.057144
2002-11-17;100.0
2002-11-24;98.47143
2002-12-01;99.48572
2002-12-08;99.41428
2002-12-15;97.557144
2002-12-22;99.25714
2002-12-29;99.942856
2003-01-05;100.0
2003-01-12;99.02857
2003-01-19;98.51428
2003-01-26;97.9
2003-02-02;99.457146
2003-02-09;99.542854
2003-02-16;95.2
2003-02-23;89.942856
2003-03-02;80.98572
2003-03-09;78.21429
2003-03-16;78.35714
2003-03-23;69.457146
2003-03-30;57.12857
2003-04-06;54.357143
2003-04-13;49.685715
2003-04-20;38.75714
2003-04-27;32.04286
2003-05-04;30.828571
2003-05-11;23.528572
2003-05-18;38.985714
2003-05-25;40.95714
2003-06-01;29.685715
2003-06-08;43.585712
2003-06-15;48.04286
2003-06-22;37.614285
2003-06-29;37.44286
2003-07-06;40.74286
2003-07-13;48.028572
2003-07-20;44.75714
2003-07-27;51.014286
2003-08-03;51.914288
2003-08-10;40.414288
2003-08-17;30.214287
2003-08-24;25.257143
2003-08-31;29.042856
2003-09-07;36.971428
2003-09-14;60.82857
2003-09-21;64.01428
2003-09-28;54.014286
2003-10-05;63.657143
2003-10-12;85.41428
2003-10-19;81.77143
2003-10-26;80.24286
2003-11-02;82.41428
2003-11-09;83.57143
2003-11-16;79.22857
2003-11-23;90.542854
2003-11-30;90.15714
2003-12-07;90.27142
2003-12-14;92.71429
2003-12-21;99.442856
2003-12-28;98.41428
2004-01-04;95.97143
2004-01-11;99.75714
2004-01-18;99.92857
2004-01-25;99.42857
2004-02-01;99.7
2004-02-08;99.38571
2004-02-15;99.41428
2004-02-22;93.91428
2004-02-29;87.48571
2004-03-07;83.314285
2004-03-14;82.61429
2004-03-21;77.557144
2004-03-28;76.21429
2004-04-04;62.82857
2004-04-11;69.28571
2004-04-18;62.442856
2004-04-25;58.142857
2004-05-02;51.42857
2004-05-09;68.5
2004-05-16;72.47143
2004-05-23;61.0
2004-05-30;56.771427
2004-06-06;49.92857
2004-06-13;51.7
2004-06-20;50.1
2004-06-27;63.228573
2004-07-04;63.914284
2004-07-11;69.91428
2004-07-18;76.61429
2004-07-25;85.28571
2004-08-01;77.74286
2004-08-08;62.614285
2004-08-15;54.142857
2004-08-22;54.32857
2004-08-29;56.571426
2004-09-05;62.214287
2004-09-12;50.3
2004-09-19;43.814285
2004-09-26;50.614285
2004-10-03;55.9
2004-10-10;54.54286
2004-10-17;49.38571
2004-10-24;51.357143
2004-10-31;53.12857
2004-11-07;51.228573
2004-11-14;68.314285
2004-11-21;88.87143
2004-11-28;99.1
2004-12-05;98.48572
2004-12-12;95.01428
2004-12-19;95.21429
2004-12-26;98.457146
2005-01-02;99.55
2005-01-09;99.171425
2005-01-16;94.97143
2005-01-23;98.8
2005-01-30;99.6
2005-02-06;98.27143
2005-02-13;95.84286
2005-02-20;98.8
2005-02-27;97.942856
2005-03-06;96.557144
2005-03-13;92.91428
2005-03-20;85.87143
2005-03-27;78.27143
2005-04-03;83.01428
2005-04-10;80.4
2005-04-17;80.557144
2005-04-24;63.314285
2005-05-01;52.714287
2005-05-08;51.157143
2005-05-15;68.07143
2005-05-22;65.78571
2005-05-29;50.5
2005-06-05;49.2
2005-06-12;41.42857
2005-06-19;34.885715
2005-06-26;33.714287
2005-07-03;35.285713
2005-07-10;46.5
2005-07-17;48.1
2005-07-24;49.4
2005-07-31;55.442856
2005-08-07;59.342857
2005-08-14;71.88571
2005-08-21;69.27143
2005-08-28;61.25714
2005-09-04;50.385715
2005-09-11;40.728573
2005-09-18;50.071426
2005-09-25;49.485714
2005-10-02;78.042854
2005-10-09;80.67143
2005-10-16;68.62857
2005-10-23;66.38571
2005-10-30;91.28571
2005-11-06;90.28571
2005-11-13;91.82857
2005-11-20;97.6
2005-11-27;98.57143
2005-12-04;98.97143
2005-12-11;99.21429
2005-12-18;99.1
2005-12-25;99.85714
2006-01-01;99.84286
2006-01-08;99.042854
2006-01-15;96.4
2006-01-22;99.01428
2006-01-29;96.42857
2006-02-05;92.2
2006-02-12;98.24286
2006-02-19;98.15714
2006-02-26;98.171425
2006-03-05;91.08572
2006-03-12;92.171425
2006-03-19;93.75714
2006-03-26;86.42857
2006-04-02;96.85715
2006-04-09;91.65714
2006-04-16;81.01428
2006-04-23;75.942856
2006-04-30;72.52857
2006-05-07;59.1
2006-05-14;38.357143
2006-05-21;35.142857
2006-05-28;59.95714
2006-06-04;79.02857
2006-06-11;70.02857
2006-06-18;55.385715
2006-06-25;57.842857
2006-07-02;49.885715
2006-07-09;44.7
2006-07-16;47.342857
2006-07-23;40.87143
2006-07-30;41.214287
2006-08-06;37.07143
2006-08-13;35.028572
2006-08-20;38.028572
2006-08-27;45.07143
2006-09-03;51.5
2006-09-10;48.014286
2006-09-17;38.157143
2006-09-24;29.942858
2006-10-01;26.171429
2006-10-08;33.314285
2006-10-15;32.74286
2006-10-22;29.528572
2006-10-29;36.67143
2006-11-05;52.2
2006-11-12;53.54286
2006-11-19;60.085712
2006-11-26;72.457146
2006-12-03;72.98572
2006-12-10;73.942856
2006-12-17;83.61429
2006-12-24;81.957146
2006-12-31;85.25714
2007-01-07;96.32857
2007-01-14;99.91428
2007-01-21;99.75714
2007-01-28;98.685715
2007-02-04;97.8
2007-02-11;98.62857
2007-02-18;98.57143
2007-02-25;93.7
2007-03-04;99.24286
2007-03-11;94.42857
2007-03-18;80.58572
2007-03-25;92.185715
2007-04-01;78.85715
2007-04-08;66.828575
2007-04-15;55.2
2007-04-22;39.4
2007-04-29;28.5
2007-05-06;15.1285715
2007-05-13;48.67143
2007-05-20;67.57143
2007-05-27;50.642857
2007-06-03;67.957146
2007-06-10;58.642857
2007-06-17;68.814285
2007-06-24;97.64285
2007-07-01;92.21429
2007-07-08;90.9
2007-07-15;84.3
2007-07-22;74.1
2007-07-29;85.14286
2007-08-05;85.65714
2007-08-12;74.957146
2007-08-19;73.82857
2007-08-26;90.957146
2007-09-02;86.700005
2007-09-09;92.9
2007-09-16;93.98572
2007-09-23;92.185715
2007-09-30;93.11429
2007-10-07;98.0
2007-10-14;88.02857
2007-10-21;83.48571
2007-10-28;81.542854
2007-11-04;81.52857
2007-11-11;96.47143
2007-11-18;99.84286
2007-11-25;99.12857
2007-12-02;98.78571
2007-12-09;99.7
2007-12-16;99.34286
2007-12-23;96.78571
2007-12-30;93.78571
2008-01-06;92.91428
2008-01-13;99.57143
2008-01-20;99.042854
2008-01-27;99.72857
2008-02-03;98.71429
2008-02-10;94.61429
2008-02-17;87.15714
2008-02-24;80.64286
2008-03-02;82.67143
2008-03-09;88.78571
2008-03-16;94.4
2008-03-23;99.21429
2008-03-30;91.41428
2008-04-06;88.71429
2008-04-13;97.057144
2008-04-20;96.328575
2008-04-27;77.37143
2008-05-04;86.14286
2008-05-11;61.057144
2008-05-18;42.12857
2008-05-25;33.685715
2008-06-01;23.857143
2008-06-08;15.028571
2008-06-15;20.257143
2008-06-22;33.9
2008-06-29;39.028572
2008-07-06;47.685715
2008-07-13;61.857143
2008-07-20;67.61429
2008-07-27;75.61428
2008-08-03;64.77143
2008-08-10;60.62857
2008-08-17;58.17143
2008-08-24;55.885715
2008-08-31;58.771427
2008-09-07;56.885715
2008-09-14;52.557144
2008-09-21;46.942856
2008-09-28;63.92857
2008-10-05;68.98572
2008-10-12;68.685715
2008-10-19;66.25714
2008-10-26;63.214287
2008-11-02;80.17143
2008-11-09;88.171425
2008-11-16;84.02857
2008-11-23;89.45714
2008-11-30;97.51428
2008-12-07;99.8
2008-12-14;99.12857
2008-12-21;98.78571
2008-12-28;99.01428
2009-01-04;96.9
2009-01-11;96.52857
2009-01-18;94.814285
2009-01-25;98.48571
2009-02-01;96.91428
2009-02-08;94.61429
2009-02-15;98.01429
2009-02-22;99.71429
2009-03-01;99.6
2009-03-08;97.7
2009-03-15;99.4
2009-03-22;91.7
2009-03-29;94.28571
2009-04-05;77.62857
2009-04-12;60.04286
2009-04-19;43.485714
2009-04-26;32.12857
2009-05-03;35.6
2009-05-10;48.657143
2009-05-17;63.742855
2009-05-24;80.65714
2009-05-31;65.01428
2009-06-07;72.02857
2009-06-14;77.2
2009-06-21;75.12857
2009-06-28;71.685715
2009-07-05;65.91428
2009-07-12;68.1
2009-07-19;70.38571
2009-07-26;73.799995
2009-08-02;66.042854
2009-08-09;56.37143
2009-08-16;48.914288
2009-08-23;43.2
2009-08-30;39.714287
2009-09-06;38.442856
2009-09-13;35.95714
2009-09-20;32.600002
2009-09-27;25.72857
2009-10-04;32.757145
2009-10-11;62.385715
2009-10-18;92.24286
2009-10-25;98.15714
2009-11-01;98.01428
2009-11-08;98.88572
2009-11-15;98.65714
2009-11-22;97.41428
2009-11-29;98.85714
2009-12-06;99.72857
2009-12-13;99.72857
2009-12-20;98.77143
2009-12-27;99.65714
2010-01-03;99.62857
2010-01-10;99.25714
2010-01-17;99.185715
2010-01-24;99.52857
2010-01-31;98.47143
2010-02-07;98.97143
2010-02-14;98.88571
2010-02-21;98.11429
2010-02-28;98.77143
2010-03-07;97.91428
2010-03-14;93.07143
2010-03-21;93.7
2010-03-28;90.34286
2010-04-04;92.72857
2010-04-11;76.65714
2010-04-18;66.542854
2010-04-25;52.214287
2010-05-02;50.342857
2010-05-09;84.8
2010-05-16;98.9
2010-05-23;93.057144
2010-05-30;94.15714
2010-06-06;88.77143
2010-06-13;64.47143
2010-06-20;50.057144
2010-06-27;40.25714
2010-07-04;32.9
2010-07-11;35.157143
2010-07-18;43.842857
2010-07-25;41.857143
2010-08-01;39.914288
2010-08-08;41.25714
2010-08-15;50.45714
2010-08-22;56.385715
2010-08-29;70.24286
2010-09-05;89.4
2010-09-12;90.3
2010-09-19;96.02857
2010-09-26;88.24286
2010-10-03;96.12857
2010-10-10;82.442856
2010-10-17;77.41428
2010-10-24;82.9
2010-10-31;77.35715
2010-11-07;83.957146
2010-11-14;98.74286
2010-11-21;99.5
2010-11-28;99.61429
2010-12-05;99.57143
2010-12-12;99.6
2010-12-19;100.0
2010-12-26;100.0
2011-01-02;99.24286
2011-01-09;98.45714
2011-01-16;99.457146
2011-01-23;98.97143
2011-01-30;99.12857
2011-02-06;96.07143
2011-02-13;92.9
2011-02-20;94.57143
2011-02-27;87.71429
2011-03-06;77.92857
2011-03-13;69.87143
2011-03-20;73.671425
2011-03-27;63.92857
2011-04-03;53.914284
2011-04-10;55.04286
2011-04-17;44.271427
2011-04-24;32.085712
2011-05-01;47.914288
2011-05-08;38.3
2011-05-15;24.614285
2011-05-22;28.714285
2011-05-29;22.942858
2011-06-05;17.785713
2011-06-12;20.914286
2011-06-19;28.72857
2011-06-26;47.214287
2011-07-03;57.128574
2011-07-10;86.38571
2011-07-17;79.52857
2011-07-24;74.08572
2011-07-31;71.442856
2011-08-07;79.1
2011-08-14;75.77143
2011-08-21;79.1
2011-08-28;86.65714
2011-09-04;84.85714
2011-09-11;97.35714
2011-09-18;89.77143
2011-09-25;76.87143
2011-10-02;63.87143
2011-10-09;60.37143
2011-10-16;83.52857
2011-10-23;76.1
2011-10-30;68.75714
2011-11-06;63.028572
2011-11-13;59.157143
2011-11-20;56.414288
2011-11-27;54.342857
2011-12-04;54.014286
2011-12-11;69.2
2011-12-18;83.74286
2011-12-25;99.957146
2012-01-01;99.328575
2012-01-08;99.78571
2012-01-15;99.25714
2012-01-22;99.34286
2012-01-29;99.557144
2012-02-05;96.97143
2012-02-12;94.057144
2012-02-19;95.21429
2012-02-26;93.671425
2012-03-04;93.34286
2012-03-11;86.442856
2012-03-18;79.5
2012-03-25;67.328575
2012-04-01;54.757145
2012-04-08;57.857143
2012-04-15;57.914288
2012-04-22;49.442856
2012-04-29;43.285717
2012-05-06;37.82857
2012-05-13;43.714287
2012-05-20;37.44286
2012-05-27;24.242857
2012-06-03;27.085714
2012-06-10;54.642857
2012-06-17;44.285713
2012-06-24;60.314285
2012-07-01;70.77143
2012-07-08;75.442856
2012-07-15;76.28571
2012-07-22;80.057144
2012-07-29;72.21429
2012-08-05;69.37143
2012-08-12;67.47143
2012-08-19;59.842857
2012-08-26;52.271427
2012-09-02;47.471428
2012-09-09;41.557144
2012-09-16;39.45714
2012-09-23;34.771427
2012-09-30;40.885715
2012-10-07;48.314285
2012-10-14;56.428574
2012-10-21;57.485714
2012-10-28;53.54286
2012-11-04;54.685715
2012-11-11;64.62857
2012-11-18;67.185715
2012-11-25;66.48572
2012-12-02;79.77143
2012-12-09;85.65714
2012-12-16;98.65714
2012-12-23;99.84286
2012-12-30;99.64286
2013-01-06;99.65
2013-01-13;99.77143
2013-01-20;99.57143
2013-01-27;99.22857
2013-02-03;99.85714
2013-02-10;99.14286
2013-02-17;95.814285
2013-02-24;97.442856
2013-03-03;97.62857
2013-03-10;89.457146
2013-03-17;93.71429
2013-03-24;98.27143
2013-03-31;89.32857
2013-04-07;83.1
2013-04-14;80.12857
2013-04-21;71.65714
2013-04-28;64.41428
2013-05-05;61.142857
2013-05-12;84.942856
2013-05-19;81.671425
2013-05-26;87.22857
2013-06-02;98.557144
2013-06-09;77.15714
2013-06-16;59.342857
2013-06-23;50.32857
2013-06-30;48.285713
2013-07-07;61.342857
2013-07-14;55.014286
2013-07-21;48.3
2013-07-28;41.17143
2013-08-04;45.528572
2013-08-11;40.942856
2013-08-18;40.114285
2013-08-25;39.5
2013-09-01;32.185715
2013-09-08;28.385714
2013-09-15;54.057144
2013-09-22;54.742855
2013-09-29;55.185715
2013-10-06;56.271427
2013-10-13;85.21429
2013-10-20;97.47143
2013-10-27;91.15714
2013-11-03;92.542854
2013-11-10;99.47143
2013-11-17;94.685715
2013-11-24;97.942856
2013-12-01;98.1
2013-12-08;99.35714
2013-12-15;98.671425
2013-12-22;96.557144
2013-12-29;99.38571
2014-01-05;99.34286
2014-01-12;99.78571
2014-01-19;98.71429
2014-01-26;99.84286
2014-02-02;98.88571
2014-02-09;98.14286
2014-02-16;97.22857
2014-02-23;92.442856
2014-03-02;83.12857
2014-03-09;75.15714
2014-03-16;63.928574
2014-03-23;59.971428
2014-03-30;56.57143
2014-04-06;52.528572
2014-04-13;49.571426
2014-04-20;50.085716
2014-04-27;44.585716
2014-05-04;39.74286
2014-05-11;44.442856
2014-05-18;45.485714
2014-05-25;37.642857
2014-06-01;79.9
2014-06-08;67.22857
2014-06-15;52.0
2014-06-22;44.842857
2014-06-29;50.557144
2014-07-06;51.185715
2014-07-13;91.42857
2014-07-20;88.71429
2014-07-27;77.557144
2014-08-03;80.91428
2014-08-10;96.61429
2014-08-17;97.22857
2014-08-24;89.457146
2014-08-31;81.32857
2014-09-07;83.27143
2014-09-14;80.37143
2014-09-21;78.91428
2014-09-28;79.75714
2014-10-05;69.47143
2014-10-12;71.21429
2014-10-19;78.38571
2014-10-26;87.62857
2014-11-02;82.47143
2014-11-09;78.42857
2014-11-16;75.57143
2014-11-23;79.88571
2014-11-30;79.48571
2014-12-07;78.41428
2014-12-14;85.07143
2014-12-21;91.75714
2014-12-28;95.72857
2015-01-04;98.62857
2015-01-11;98.542854
2015-01-18;99.685715
2015-01-25;98.828575
2015-02-01;99.65714
2015-02-08;98.15714
2015-02-15;94.52857
2015-02-22;86.942856
2015-03-01;87.557144
2015-03-08;86.52857
2015-03-15;78.64286
2015-03-22;72.88571
2015-03-29;68.0
2015-04-05;93.328575
2015-04-12;79.65714
2015-04-19;60.67143
2015-04-26;48.87143
2015-05-03;53.942856
2015-05-10;51.24286
2015-05-17;46.4
2015-05-24;36.6
2015-05-31;28.77143
2015-06-07;24.4
2015-06-14;17.742857
2015-06-21;17.77143
2015-06-28;30.300001
2015-07-05;38.157143
2015-07-12;62.94286
2015-07-19;67.61429
2015-07-26;68.75714
2015-08-02;70.814285
2015-08-09;57.75714
2015-08-16;52.82857
2015-08-23;92.41428
2015-08-30;91.65714
2015-09-06;86.24286
2015-09-13;79.22857
2015-09-20;81.77143
2015-09-27;77.14286
2015-10-04;65.542854
2015-10-11;72.08572
2015-10-18;90.314285
2015-10-25;97.65714
2015-11-01;89.057144
2015-11-08;84.17143
2015-11-15;87.65714
2015-11-22;99.9
2015-11-29;99.47143
2015-12-06;98.64286
2015-12-13;97.35714
2015-12-20;98.98571
2015-12-27;98.72857
2016-01-03;97.21429
2016-01-10;99.11429
2016-01-17;100.0
2016-01-24;99.15714
2016-01-31;98.64286
2016-02-07;99.314285
2016-02-14;96.98572
2016-02-21;98.14286
2016-02-28;96.12857
2016-03-06;91.88571
2016-03-13;88.35714
2016-03-20;79.200005
2016-03-27;77.21429
2016-04-03;79.07143
2016-04-10;67.35715
2016-04-17;59.1
2016-04-24;50.8
2016-05-01;50.157143
2016-05-08;38.014286
2016-05-15;22.028572
2016-05-22;18.385714
2016-05-29;82.9
2016-06-05;86.58572
2016-06-12;62.12857
2016-06-19;66.0
2016-06-26;56.2
2016-07-03;48.82857
2016-07-10;50.228573
2016-07-17;58.157143
2016-07-24;55.8
2016-07-31;50.642857
2016-08-07;48.185715
2016-08-14;43.414288
2016-08-21;37.92857
2016-08-28;33.514286
2016-09-04;25.214285
2016-09-11;27.971428
2016-09-18;26.257143
2016-09-25;35.914288
2016-10-02;33.757145
2016-10-09;46.942856
2016-10-16;48.885715
2016-10-23;61.45714
2016-10-30;90.77143
2016-11-06;88.25714
2016-11-13;94.01428
2016-11-20;97.07143
2016-11-27;96.47143
2016-12-04;94.442856
2016-12-11;93.62857
2016-12-18;99.61429
2016-12-25;99.057144
2017-01-01;98.36667
2017-01-08;98.74286
2017-01-15;99.77143
2017-01-22;98.07143
2017-01-29;93.9
2017-02-05;98.61429
2017-02-12;95.02857
2017-02-19;88.814285
2017-02-26;96.97143
2017-03-05;96.74286
2017-03-12;98.442856
2017-03-19;90.057144
2017-03-26;95.34286
2017-04-02;76.37143
2017-04-09;64.92857
2017-04-16;57.12857
2017-04-23;60.157143
2017-04-30;50.95714
2017-05-07;56.32857
2017-05-14;55.62857
2017-05-21;57.214287
2017-05-28;47.657143
2017-06-04;40.557144
2017-06-11;46.985714
2017-06-18;43.942856
2017-06-25;55.24286
2017-07-02;69.185715
2017-07-09;65.37143
2017-07-16;71.88571
2017-07-23;72.64286
2017-07-30;86.457146
2017-08-06;85.12857
2017-08-13;81.15714
2017-08-20;79.11429
2017-08-27;72.1
2017-09-03;61.42857
2017-09-10;53.62857
2017-09-17;52.785713
2017-09-24;52.228573
2017-10-01;56.54286
2017-10-08;78.0
2017-10-15;81.52857
2017-10-22;70.91428
2017-10-29;74.34286
2017-11-05;74.88572
2017-11-12;81.34286
2017-11-19;87.057144
2017-11-26;98.2
2017-12-03;99.057144
2017-12-10;99.85714
2017-12-17;99.78571
2017-12-24;98.37143
2017-12-31;97.3
2018-01-07;99.47143
2018-01-14;96.14286
2018-01-21;98.82857
2018-01-28;99.57143
2018-02-04;99.542854
2018-02-11;96.67143
2018-02-18;90.3
2018-02-25;83.57143
2018-03-04;76.28571
2018-03-11;83.21429
2018-03-18;95.88571
2018-03-25;90.52857
2018-04-01;89.37143
2018-04-08;92.8
2018-04-15;85.58572
2018-04-22;76.07143
2018-04-29;68.01428
2018-05-06;51.714287
2018-05-13;41.685715
2018-05-20;40.157143
2018-05-27;26.72857
2018-06-03;33.57143
2018-06-10;27.528572
2018-06-17;21.842857
2018-06-24;20.814285
2018-07-01;24.571428
2018-07-08;23.357143
2018-07-15;31.914286
2018-07-22;30.471428
2018-07-29;29.442858
2018-08-05;39.585716
2018-08-12;39.614285
2018-08-19;34.442856
2018-08-26;29.671429
2018-09-02;26.871428
2018-09-09;24.257143
2018-09-16;20.142857
2018-09-23;18.257143
2018-09-30;29.642857
2018-10-07;27.342857
2018-10-14;22.585714
2018-10-21;17.214285
2018-10-28;20.6
2018-11-04;20.885714
2018-11-11;20.057142
2018-11-18;33.757145
2018-11-25;38.07143
2018-12-02;39.3
2018-12-09;59.87143
2018-12-16;72.71429
2018-12-23;79.62857
2018-12-30;96.51429
2019-01-06;99.41428
2019-01-13;99.9
2019-01-20;99.314285
2019-01-27;97.24286
2019-02-03;98.61429
2019-02-10;96.64286
2019-02-17;95.942856
2019-02-24;86.37143
2019-03-03;76.85714
2019-03-10;83.97143
2019-03-17;99.21429
2019-03-24;91.14285
2019-03-31;83.41428
2019-04-07;71.25714
2019-04-14;58.37143
2019-04-21;47.4
2019-04-28;39.7
2019-05-05;47.32857
2019-05-12;44.54286
2019-05-19;47.685715
2019-05-26;48.67143
2019-06-02;36.685715
2019-06-09;31.285715
2019-06-16;56.92857
2019-06-23;57.314285
2019-06-30;42.92857
2019-07-07;34.842857
2019-07-14;42.22857
2019-07-21;49.3
2019-07-28;41.614285
2019-08-04;41.585712
2019-08-11;41.3
2019-08-18;38.07143
2019-08-25;36.242855
2019-09-01;27.557142
2019-09-08;21.72857
2019-09-15;27.942858
2019-09-22;26.27143
2019-09-29;32.214287
2019-10-06;62.414288
2019-10-13;74.35714
2019-10-20;81.6
2019-10-27;83.28571
2019-11-03;77.2
2019-11-10;90.814285
2019-11-17;92.21429
2019-11-24;98.34286
2019-12-01;98.32857
2019-12-08;97.442856
2019-12-15;99.87143
2019-12-22;98.814285
2019-12-29;99.2
2020-01-05;97.442856
2020-01-12;99.27143
2020-01-19;96.08572
2020-01-26;91.84286
2020-02-02;97.97143
2020-02-09;97.84286
2020-02-16;99.12857
2020-02-23;99.457146
2020-03-01;99.82857
2020-03-08;98.02857
2020-03-15;98.042854
2020-03-22;84.84286
2020-03-29;70.314285
2020-04-05;59.25714
2020-04-12;44.54286
2020-04-19;31.785715
2020-04-26;19.1
2020-05-03;19.314285
2020-05-10;22.6
2020-05-17;26.8
2020-05-24;22.9
2020-05-31;26.671429
2020-06-07;21.114286
2020-06-14;35.27143
2020-06-21;62.12857
2020-06-28;47.971428
2020-07-05;44.485714
2020-07-12;50.114285
2020-07-19;59.25714
2020-07-26;57.67143
2020-08-02;57.314285
2020-08-09;52.9
2020-08-16;53.514286
2020-08-23;58.87143
2020-08-30;53.971428
2020-09-06;52.557144
2020-09-13;46.6
2020-09-20;36.942856
2020-09-27;45.585712
2020-10-04;66.02857
2020-10-11;60.62857
2020-10-18;68.61429
2020-10-25;83.64286
2020-11-01;99.01429
2020-11-08;95.75714
2020-11-15;88.78571
2020-11-22;83.64285
2020-11-29;79.61429
2020-12-06;77.41428
2020-12-13;78.75714
2020-12-20;81.942856
2020-12-27;89.98571
2021-01-03;94.73333
